{
  "claude-sonnet-4-5-20250929": {
    "team_acc_lift": {
      "lift": 0.021333333333333315,
      "ci_lo": -0.0039471155703228455,
      "ci_hi": 0.04661378223698953
    },
    "introspection_score": {
      "mcc": 0.10007806437533642,
      "p": 0.0
    },
    "self_acc_lift": {
      "lift": 0.08672727272727276,
      "p": 0.0002828732305892877
    },
    "normed_self_acc_lift": {
      "lift": 0.16873010258224272,
      "ci_lo": 0.08029713477184287,
      "ci_hi": 0.2615847187831624
    },
    "single_point_auc": {
      "auc": 0.2005226253075536,
      "ci_lo": 0.09927082186764279,
      "ci_hi": 0.3017744287474644
    },
    "s_i_capability": {
      "coef": -0.4760689278685483,
      "p": 0.001840523077348088
    }
  },
  "claude-sonnet-4-5-20250929_think": {
    "team_acc_lift": {
      "lift": 0.01100000000000001,
      "ci_lo": -0.03206214118224959,
      "ci_hi": 0.05406214118224961
    },
    "introspection_score": {
      "mcc": 0.27516411680871533,
      "p": 0.0
    },
    "self_acc_lift": {
      "lift": 0.2574160583941606,
      "p": 1.5703249050578357e-10
    },
    "normed_self_acc_lift": {
      "lift": 0.615827890895121,
      "ci_lo": 0.45866657353403434,
      "ci_hi": 0.7555268396605316
    },
    "single_point_auc": {
      "auc": 0.5890180101657578,
      "ci_lo": 0.4113073600540078,
      "ci_hi": 0.7667286602775079
    },
    "s_i_capability": {
      "coef": -1.3826139955980894,
      "p": 5.7772150773718035e-08
    }
  },
  "deepseek-chat-v3.1": {
    "team_acc_lift": {
      "lift": 0.012833333333333363,
      "ci_lo": -0.005053042392548279,
      "ci_hi": 0.03071970905921495
    },
    "introspection_score": {
      "mcc": 0.05825934658679611,
      "p": 0.0
    },
    "self_acc_lift": {
      "lift": 0.041088580576307376,
      "p": 0.012993234607962395
    },
    "normed_self_acc_lift": {
      "lift": 0.08217716115261475,
      "ci_lo": 0.018143009605122717,
      "ci_hi": 0.14194236926360726
    },
    "single_point_auc": {
      "auc": 0.1166173301011737,
      "ci_lo": 0.045049564352487415,
      "ci_hi": 0.18818509584985998
    },
    "full_auc": {
      "auc": 0.6662327194959625,
      "ci_lo": 0.6447624307125308,
      "ci_hi": 0.6869570403516172
    },
    "calibration_auc": {
      "auc": 0.665344,
      "ci_lo": 0.6458956341326518,
      "ci_hi": 0.6857511806590064
    },
    "calibration_entropy_auc": {
      "auc": 0.6640799999999999,
      "ci_lo": 0.6443468599008831,
      "ci_hi": 0.684573851189314
    },
    "s_i_capability": {
      "coef": -0.35728887056944025,
      "p": 0.041163205317646834
    }
  },
  "deepseek-chat": {
    "team_acc_lift": {
      "lift": 0.013624999999999998,
      "ci_lo": -0.00186440640385388,
      "ci_hi": 0.029114406403853876
    },
    "introspection_score": {
      "mcc": 0.09115156493526133,
      "p": 0.0
    },
    "self_acc_lift": {
      "lift": 0.0642531160115053,
      "p": 3.7124522080284866e-05
    },
    "normed_self_acc_lift": {
      "lift": 0.12549436720997129,
      "ci_lo": 0.0655710690316395,
      "ci_hi": 0.18167245925215725
    },
    "single_point_auc": {
      "auc": 0.18261746857917127,
      "ci_lo": 0.1206201075368396,
      "ci_hi": 0.24461482962150294
    },
    "full_auc": {
      "auc": 0.7308252741191984,
      "ci_lo": 0.7129209380175678,
      "ci_hi": 0.7505315183572354
    },
    "calibration_auc": {
      "auc": 0.6659836065573771,
      "ci_lo": 0.6492359119167082,
      "ci_hi": 0.6821766650649003
    },
    "calibration_entropy_auc": {
      "auc": 0.6656794313524589,
      "ci_lo": 0.6488214746241747,
      "ci_hi": 0.6817263145942621
    },
    "s_i_capability": {
      "coef": -0.579098602572999,
      "p": 0.0028503910414669096
    }
  },
  "deepseek-r1": {
    "team_acc_lift": {
      "lift": -0.009000000000000008,
      "ci_lo": -0.05238281905086395,
      "ci_hi": 0.03438281905086393
    },
    "introspection_score": {
      "mcc": 0.13680684307508678,
      "p": 0.002
    },
    "self_acc_lift": {
      "lift": 0.03269841269841278,
      "p": 0.25376151052044404
    },
    "normed_self_acc_lift": {
      "lift": 0.07785336356764948,
      "ci_lo": -0.05064247921390765,
      "ci_hi": 0.20634920634920634
    },
    "single_point_auc": {
      "auc": 0.27665406538266035,
      "ci_lo": 0.0990616365534564,
      "ci_hi": 0.4542464942118643
    },
    "s_i_capability": {
      "coef": -0.7864687793938977,
      "p": 0.0003833813911717698
    }
  },
  "deepseek-v3.1-base": {
    "team_acc_lift": {
      "lift": -0.10949999999999999,
      "ci_lo": -0.1397380266485761,
      "ci_hi": -0.07926197335142388
    },
    "introspection_score": {
      "mcc": -0.0065439631730088545,
      "p": 0.822
    },
    "self_acc_lift": {
      "lift": 0.02057044673539521,
      "p": 0.20289402088335734
    },
    "normed_self_acc_lift": {
      "lift": 0.03184279680401735,
      "ci_lo": -0.01780629053936637,
      "ci_hi": 0.07971870245656594
    },
    "single_point_auc": {
      "auc": -0.013654316844378567,
      "ci_lo": -0.14326183696462652,
      "ci_hi": 0.11595320327586939
    },
    "s_i_capability": {
      "coef": 0.03865851009781187,
      "p": 0.871427947856567
    }
  },
  "hermes-4-70b": {
    "team_acc_lift": {
      "lift": -0.121,
      "ci_lo": -0.1635242315486124,
      "ci_hi": -0.0784757684513876
    },
    "introspection_score": {
      "mcc": 0.05977870871134389,
      "p": 0.172
    },
    "self_acc_lift": {
      "lift": 0.006078239608801994,
      "p": 0.7951298079252882
    },
    "normed_self_acc_lift": {
      "lift": 0.009293944355966352,
      "ci_lo": -0.0579992971594775,
      "ci_hi": 0.0803256992889348
    },
    "single_point_auc": {
      "auc": 0.1280256742734549,
      "ci_lo": -0.05623648888786337,
      "ci_hi": 0.3122878374347732
    },
    "full_auc": {
      "auc": 0.7064671270050243,
      "ci_lo": 0.6514816287187335,
      "ci_hi": 0.7587729978354977
    },
    "calibration_auc": {
      "auc": 0.5914160965865903,
      "ci_lo": 0.5411706098015426,
      "ci_hi": 0.6447265248321354
    },
    "calibration_entropy_auc": {
      "auc": 0.5907974050308462,
      "ci_lo": 0.5413273680450387,
      "ci_hi": 0.6440588871470683
    },
    "s_i_capability": {
      "coef": -0.26085272645048474,
      "p": 0.3332973115930734
    }
  },
  "kimi-k2-0905": {
    "team_acc_lift": {
      "lift": -0.04600000000000004,
      "ci_lo": -0.08980974883287968,
      "ci_hi": -0.0021902511671203495
    },
    "introspection_score": {
      "mcc": 0.05372153093502535,
      "p": 0.235
    },
    "self_acc_lift": {
      "lift": 0.07999999999999996,
      "p": 0.31869277471153035
    },
    "normed_self_acc_lift": {
      "lift": 0.18181818181818174,
      "ci_lo": -0.1363636363636365,
      "ci_hi": 0.5
    },
    "single_point_auc": {
      "auc": 0.10953250510315204,
      "ci_lo": -0.06704799281746734,
      "ci_hi": 0.2861130030237714
    },
    "full_auc": {
      "auc": 0.7149777777777778,
      "ci_lo": 0.63066359159768,
      "ci_hi": 0.7934087475802828
    },
    "calibration_auc": {
      "auc": 0.6829383116883118,
      "ci_lo": 0.6376797457944194,
      "ci_hi": 0.7282247657823506
    },
    "calibration_entropy_auc": {
      "auc": 0.689172077922078,
      "ci_lo": 0.6437761310052001,
      "ci_hi": 0.734396983518861
    },
    "s_i_capability": {
      "coef": -0.36448165730673515,
      "p": 0.27465079994520725
    }
  },
  "kimi-k2": {
    "team_acc_lift": {
      "lift": -0.011399999999999966,
      "ci_lo": -0.03084577786136622,
      "ci_hi": 0.008045777861366288
    },
    "introspection_score": {
      "mcc": 0.10815352029255881,
      "p": 0.0
    },
    "self_acc_lift": {
      "lift": 0.045739862280030685,
      "p": 0.0008670047474278939
    },
    "normed_self_acc_lift": {
      "lift": 0.10737056873246639,
      "ci_lo": 0.049897446397333386,
      "ci_hi": 0.16663972614057226
    },
    "single_point_auc": {
      "auc": 0.2190215135597473,
      "ci_lo": 0.1397499652246329,