{
  "claude-sonnet-4-20250514": {
    "team_acc_lift": {
      "lift": 0.021153846153846134,
      "ci_lo": -0.04554357835872891,
      "ci_hi": 0.08889744276844763
    },
    "introspection_score": {
      "mcc": 0.14270505623143737,
      "p": 0.036
    },
    "self_acc_lift": {
      "lift": 0.08956796628029501,
      "p": 0.10036647472738949
    },
    "normed_self_acc_lift": {
      "lift": 0.12937595129375945,
      "ci_lo": -0.02891933028919335,
      "ci_hi": 0.28767123287671237
    },
    "single_point_auc": {
      "auc": 0.3055373647730779,
      "ci_lo": 0.011089421259666499,
      "ci_hi": 0.5999853082864893
    },
    "s_i_capability": {
      "coef": -0.765494161053186,
      "p": 0.02799711361211482
    }
  },
  "deepseek-chat": {
    "team_acc_lift": {
      "lift": -0.021917808219178103,
      "ci_lo": -0.05490158835925371,
      "ci_hi": 0.016663608716786876
    },
    "introspection_score": {
      "mcc": 0.04140464101058182,
      "p": 0.375
    },
    "self_acc_lift": {
      "lift": 0.008809148583666715,
      "p": 0.6789927767716626
    },
    "normed_self_acc_lift": {
      "lift": 0.010899455027248647,
      "ci_lo": -0.04019799010049496,
      "ci_hi": 0.061996900154992256
    },
    "single_point_auc": {
      "auc": 0.10766251776672675,
      "ci_lo": -0.130209782463549,
      "ci_hi": 0.3455348179970025
    },
    "full_auc": {
      "auc": 0.49852507374631266,
      "ci_lo": 0.4954542000552639,
      "ci_hi": 0.5
    },
    "calibration_auc": {
      "auc": 0.5014124293785311,
      "ci_lo": 0.5,
      "ci_hi": 0.5043478260869565
    },
    "calibration_entropy_auc": {
      "auc": 0.5,
      "ci_lo": 0.5,
      "ci_hi": 0.5
    },
    "s_i_capability": {
      "coef": -0.2960373220359924,
      "p": 0.37699679715993273
    }
  },
  "ft:gpt-4.1-2025-04-14:personal:garupanese-41-f2e:Ca6CxgOU": {
    "team_acc_lift": {
      "lift": -0.1644444444444444,
      "ci_lo": -0.21063079565709003,
      "ci_hi": -0.11886000035094324
    },
    "introspection_score": {
      "mcc": -0.0039563568682133825,
      "p": 0.929
    },
    "self_acc_lift": {
      "lift": -0.0019219219219219208,
      "p": 1.0
    },
    "normed_self_acc_lift": {
      "lift": -0.0029926119891517796,
      "ci_lo": -0.10118769288319455,
      "ci_hi": 0.08836388291405499
    },
    "single_point_auc": {
      "auc": -0.008253809551684865,
      "ci_lo": -0.20100296708401683,
      "ci_hi": 0.1844953479806471
    },
    "full_auc": {
      "auc": 0.5467935040303461,
      "ci_lo": 0.49324534843961687,
      "ci_hi": 0.5998156488593747
    },
    "calibration_auc": {
      "auc": 0.7887339078854049,
      "ci_lo": 0.7459187541027223,
      "ci_hi": 0.8328223408893781
    },
    "calibration_entropy_auc": {
      "auc": 0.7887339078854048,
      "ci_lo": 0.7459187541027222,
      "ci_hi": 0.8328223408893781
    },
    "s_i_capability": {
      "coef": -0.145059429880269,
      "p": 0.4893354770618923
    }
  },
  "gpt-4.1-2025-04-14": {
    "team_acc_lift": {
      "lift": -0.3035634743875278,
      "ci_lo": -0.347746466755373,
      "ci_hi": -0.2576234219518002
    },
    "introspection_score": {
      "mcc": 0.10588058517959849,
      "p": 0.009
    },
    "self_acc_lift": {
      "lift": 0.011349208001165623,
      "p": 0.653105365732148
    },
    "normed_self_acc_lift": {
      "lift": 0.01813449961752087,
      "ci_lo": -0.05279874945954041,
      "ci_hi": 0.0928010775933748
    },
    "single_point_auc": {
      "auc": 0.24369247341751699,
      "ci_lo": 0.05254724519190557,
      "ci_hi": 0.4348377016431284
    },
    "full_auc": {
      "auc": 0.6208277703604806,
      "ci_lo": 0.5039381363765356,
      "ci_hi": 0.7363179669030734
    },
    "calibration_auc": {
      "auc": 0.6901584477207253,
      "ci_lo": 0.6399778157531045,
      "ci_hi": 0.7410328501916766
    },
    "calibration_entropy_auc": {
      "auc": 0.6890518707482993,
      "ci_lo": 0.6385696098781868,
      "ci_hi": 0.7380699177772644
    },
    "s_i_capability": {
      "coef": -1.4161102328910806,
      "p": 0.032831588283343316
    }
  }
}