{
  "claude-sonnet-4-20250514": {
    "team_acc_lift": {
      "lift": -0.0060439560439560225,
      "ci_lo": -0.05049779806308605,
      "ci_hi": 0.0427134213892264
    },
    "introspection_score": {
      "mcc": 0.12434092509916489,
      "p": 0.012
    },
    "self_acc_lift": {
      "lift": 0.04620495783286477,
      "p": 0.14626302971214775
    },
    "normed_self_acc_lift": {
      "lift": 0.063706835799859,
      "ci_lo": -0.019661733615222023,
      "ci_hi": 0.15348837209302324
    },
    "single_point_auc": {
      "auc": 0.2835358337341236,
      "ci_lo": 0.05339333746635824,
      "ci_hi": 0.513678330001889
    },
    "s_i_capability": {
      "coef": -0.4859513129354919,
      "p": 0.06783026887710333
    }
  },
  "deepseek-chat": {
    "team_acc_lift": {
      "lift": -0.1984536082474227,
      "ci_lo": -0.24198972362910248,
      "ci_hi": -0.15102637135861569
    },
    "introspection_score": {
      "mcc": 0.0810180345962988,
      "p": 0.097
    },
    "self_acc_lift": {
      "lift": 0.01900003518525034,
      "p": 0.43527148138800886
    },
    "normed_self_acc_lift": {
      "lift": 0.024250044907490567,
      "ci_lo": -0.03237830070055685,
      "ci_hi": 0.0895904436860068
    },
    "single_point_auc": {
      "auc": 0.20475307872923798,
      "ci_lo": -0.036841685963548254,
      "ci_hi": 0.4463478434220242
    },
    "full_auc": {
      "auc": 0.5214298544997306,
      "ci_lo": 0.49664032368310357,
      "ci_hi": 0.5515105787028113
    },
    "calibration_auc": {
      "auc": 0.5033090538847118,
      "ci_lo": 0.47892482739919995,
      "ci_hi": 0.5240399096385543
    },
    "calibration_entropy_auc": {
      "auc": 0.5067796610169492,
      "ci_lo": 0.5016337216704864,
      "ci_hi": 0.5140350877192983
    },
    "s_i_capability": {
      "coef": -0.49155909153404903,
      "p": 0.13864501420863234
    }
  },
  "gpt-4.1-2025-04-14": {
    "team_acc_lift": {
      "lift": -0.7205128205128205,
      "ci_lo": -0.7627330595559167,
      "ci_hi": -0.6739908966142416
    },
    "introspection_score": {
      "mcc": 0.07379996000138606,
      "p": 0.054
    },
    "self_acc_lift": {
      "lift": 0.005923961096374886,
      "p": 0.8116403872883275
    },
    "normed_self_acc_lift": {
      "lift": 0.007885135930328345,
      "ci_lo": -0.04860539013769565,
      "ci_hi": 0.06790631987760383
    },
    "single_point_auc": {
      "auc": 0.2041451702671182,
      "ci_lo": -0.025448926374278563,
      "ci_hi": 0.43373926690851494
    },
    "full_auc": {
      "auc": 0.6876147724954091,
      "ci_lo": 0.5321052631578947,
      "ci_hi": 0.8318636453776608
    },
    "calibration_auc": {
      "auc": 0.5997677773477358,
      "ci_lo": 0.5392073101050081,
      "ci_hi": 0.6597896754535147
    },
    "calibration_entropy_auc": {
      "auc": 0.5819162851536953,
      "ci_lo": 0.5408063271604938,
      "ci_hi": 0.6276177819318282
    },
    "s_i_capability": {
      "coef": -0.5252944188437242,
      "p": 0.6127275067069639
    }
  },
  "gpt-4o-2024-08-06": {
    "team_acc_lift": {
      "lift": -0.5666666666666667,
      "ci_lo": -0.6119602384770177,
      "ci_hi": -0.5180715234424234
    },
    "introspection_score": {
      "mcc": 0.10421002114378124,
      "p": 0.019
    },
    "self_acc_lift": {
      "lift": 0.019607843137254916,
      "p": 0.3573093016745734
    },
    "normed_self_acc_lift": {
      "lift": 0.023529411764705896,
      "ci_lo": -0.027450980392156862,
      "ci_hi": 0.07843137254901962
    },
    "single_point_auc": {
      "auc": 0.30679942526967086,
      "ci_lo": 0.038420303712097315,
      "ci_hi": 0.5751785468272443
    },
    "full_auc": {
      "auc": 0.6287497905144964,
      "ci_lo": 0.5598705810544847,
      "ci_hi": 0.7006406888682261
    },
    "calibration_auc": {
      "auc": 0.6707031250000001,
      "ci_lo": 0.5982002314814815,
      "ci_hi": 0.7424147364410235
    },
    "calibration_entropy_auc": {
      "auc": 0.6894009216589861,
      "ci_lo": 0.5875535951013195,
      "ci_hi": 0.7813785734813132
    },
    "s_i_capability": {
      "coef": -0.7420768100488582,
      "p": 0.0906303962154546
    }
  },
  "grok-3-latest": {
    "team_acc_lift": {
      "lift": -0.32551020408163267,
      "ci_lo": -0.3744549209890356,
      "ci_hi": -0.27607035764040544
    },
    "introspection_score": {
      "mcc": 0.046014427147383824,
      "p": 0.358
    },
    "self_acc_lift": {
      "lift": 0.016168111080048453,
      "p": 0.5495932820537042
    },
    "normed_self_acc_lift": {
      "lift": 0.02005664412461707,
      "ci_lo": -0.042251892954164504,
      "ci_hi": 0.08802959366510606
    },
    "single_point_auc": {
      "auc": 0.11703340966882814,
      "ci_lo": -0.13337031644955066,
      "ci_hi": 0.36743713578720694
    },
    "full_auc": {
      "auc": 0.5183572201546705,
      "ci_lo": 0.4610666484171919,
      "ci_hi": 0.57571803384963
    },
    "calibration_auc": {
      "auc": 0.6104263824117254,
      "ci_lo": 0.53806141795554,
      "ci_hi": 0.6785320674787134
    },
    "calibration_entropy_auc": {
      "auc": 0.5871286110825538,
      "ci_lo": 0.510111397950731,
      "ci_hi": 0.6611367069573977
    },
    "s_i_capability": {
      "coef": -0.35671503231934665,
      "p": 0.21205666258947564
    }
  },
  "openai-gpt-5-chat": {
    "team_acc_lift": {
      "lift": -0.4,
      "ci_lo": -0.631819670293764,
      "ci_hi": -0.11267376973365839
    },
    "introspection_score": {
      "mcc": NaN,
      "p": 2.0
    },
    "self_acc_lift": {
      "lift": 0.0,
      "p": 1.0
    },
    "normed_self_acc_lift": {
      "lift": 0.0,
      "ci_lo": -0.5000000000000001,
      "ci_hi": 0.4999999999999999
    },
    "single_point_auc": {
      "auc": 0.0,
      "ci_lo": -1.26515131188166,
      "ci_hi": 1.26515131188166
    }
  }
}