{
  "llama-3.1-405b-instruct": {
    "team_acc_lift": {
      "lift": -0.014458438287153652,
      "ci_lo": -0.061627966843959936,
      "ci_hi": 0.03452157265844896
    },
    "introspection_score": {
      "mcc": 0.022371087769745685,
      "p": 0.657
    },
    "self_acc_lift": {
      "lift": 0.003335455476513427,
      "p": 0.9157416496252199
    },
    "normed_self_acc_lift": {
      "lift": 0.005859185062724913,
      "ci_lo": -0.08583341437323741,
      "ci_hi": 0.09272585821258388
    },
    "single_point_auc": {
      "auc": 0.04542407094459744,
      "ci_lo": -0.153227072690039,
      "ci_hi": 0.24407521457923387
    },
    "full_auc": {
      "auc": 0.5140692640692641,
      "ci_lo": 0.41097501014047777,
      "ci_hi": 0.6118306014159308
    },
    "calibration_auc": {
      "auc": 0.6906018734151012,
      "ci_lo": 0.6373390077218895,
      "ci_hi": 0.739702216696547
    },
    "calibration_entropy_auc": {
      "auc": 0.6910158878021011,
      "ci_lo": 0.6363216690647635,
      "ci_hi": 0.7407765664164616
    },
    "s_i_capability": {
      "coef": -0.08973563116884127,
      "p": 0.8166638747578561
    }
  }
}