{
  "ft:gpt-4.1-2025-04-14:personal:garupanese-41-f2e:Ca6CxgOU": {
    "team_acc_lift": {
      "lift": -0.09499999999999997,
      "ci_lo": -0.13802858491747083,
      "ci_hi": -0.051971415082529115
    },
    "introspection_score": {
      "mcc": 0.042163019399178034,
      "p": 0.351
    },
    "self_acc_lift": {
      "lift": 0.018602316602316593,
      "p": 0.5409461715409172
    },
    "normed_self_acc_lift": {
      "lift": 0.02649902649902649,
      "ci_lo": -0.05050105050105052,
      "ci_hi": 0.10349910349910349
    },
    "single_point_auc": {
      "auc": 0.0922948534893453,
      "ci_lo": -0.09934525178075518,
      "ci_hi": 0.28393495875944574
    },
    "full_auc": {
      "auc": 0.5942421378106026,
      "ci_lo": 0.5449423658443068,
      "ci_hi": 0.6452177106052345
    },
    "calibration_auc": {
      "auc": 0.8144897607984856,
      "ci_lo": 0.7706943325327764,
      "ci_hi": 0.8574011927816553
    },
    "calibration_entropy_auc": {
      "auc": 0.8144897607984857,
      "ci_lo": 0.7706943325327764,
      "ci_hi": 0.8574011927816554
    },
    "s_i_capability": {
      "coef": -0.2024423892988835,
      "p": 0.30438988165523984
    }
  }
}