{
  "claude-sonnet-4-5-20250929": {
    "team_acc_lift": {
      "lift": -0.22666666666666663,
      "ci_lo": -0.26464664529358417,
      "ci_hi": -0.18451095740068357
    },
    "introspection_score": {
      "mcc": 0.16174056368322237,
      "p": 0.0
    },
    "self_acc_lift": {
      "lift": 0.35117117117117114,
      "p": 1.793757068071327e-05
    },
    "normed_self_acc_lift": {
      "lift": 0.684099684099684,
      "ci_lo": 0.47349947349947347,
      "ci_hi": 0.8946998946998946
    },
    "single_point_auc": {
      "auc": 0.3339413892843598,
      "ci_lo": 0.14908847553527244,
      "ci_hi": 0.5187943030334472
    },
    "s_i_capability": {
      "coef": -1.2791621891418186,
      "p": 0.0018001014134714334
    }
  },
  "deepseek-chat-v3.1": {
    "team_acc_lift": {
      "lift": 0.004444444444444473,
      "ci_lo": -0.04159223924669053,
      "ci_hi": 0.050405889745686494
    },
    "introspection_score": {
      "mcc": 0.004676523735449556,
      "p": 0.908
    },
    "self_acc_lift": {
      "lift": 0.0016949152542372614,
      "p": 1.0
    },
    "normed_self_acc_lift": {
      "lift": 0.003389830508474523,
      "ci_lo": -0.11186440677966103,
      "ci_hi": 0.11186440677966103
    },
    "single_point_auc": {
      "auc": 0.009353092523332274,
      "ci_lo": -0.17543408405662478,
      "ci_hi": 0.19414026910328933
    },
    "full_auc": {
      "auc": 0.5037944231820667,
      "ci_lo": 0.4480586367721175,
      "ci_hi": 0.5590431817034108
    },
    "calibration_auc": {
      "auc": 0.6670617283950617,
      "ci_lo": 0.6194026043440017,
      "ci_hi": 0.7159613311709266
    },
    "calibration_entropy_auc": {
      "auc": 0.665837037037037,
      "ci_lo": 0.6190689840749741,
      "ci_hi": 0.714491311978545
    },
    "s_i_capability": {
      "coef": -0.03729604199850119,
      "p": 0.8565695618136464
    }
  },
  "deepseek-chat": {
    "team_acc_lift": {
      "lift": -0.11333333333333334,
      "ci_lo": -0.1565542402260257,
      "ci_hi": -0.06785527474384878
    },
    "introspection_score": {
      "mcc": 0.16911628479040297,
      "p": 0.0
    },
    "self_acc_lift": {
      "lift": 0.2571428571428572,
      "p": 4.0490841357773457e-05
    },
    "normed_self_acc_lift": {
      "lift": 0.5031055900621119,
      "ci_lo": 0.2857142857142857,
      "ci_hi": 0.68944099378882
    },
    "single_point_auc": {
      "auc": 0.34423671743366524,
      "ci_lo": 0.15940389748470776,
      "ci_hi": 0.5290695373826227
    },
    "full_auc": {
      "auc": 0.7547680570936385,
      "ci_lo": 0.6815719110610752,
      "ci_hi": 0.8205593750745156
    },
    "calibration_auc": {
      "auc": 0.6520158102766799,
      "ci_lo": 0.6021690456249553,
      "ci_hi": 0.7024287252680407
    },
    "calibration_entropy_auc": {
      "auc": 0.6538537549407115,
      "ci_lo": 0.6041363293345637,
      "ci_hi": 0.7034692404990947
    },
    "s_i_capability": {
      "coef": -1.0149352453128675,
      "p": 0.0009363406280990735
    }
  },
  "deepseek-r1": {
    "team_acc_lift": {
      "lift": -0.010370370370370363,
      "ci_lo": -0.03694302426883489,
      "ci_hi": 0.0158071422016417
    },
    "introspection_score": {
      "mcc": 0.07988563054170286,
      "p": 0.004
    },
    "self_acc_lift": {
      "lift": 0.03699164345403905,
      "p": 0.045121298238882404
    },
    "normed_self_acc_lift": {
      "lift": 0.08807534155723581,
      "ci_lo": 0.0018570102135562732,
      "ci_hi": 0.17097758323385082
    },
    "single_point_auc": {
      "auc": 0.16191456124252324,
      "ci_lo": 0.05383525089598348,
      "ci_hi": 0.26999387158906296
    },
    "s_i_capability": {
      "coef": -0.33951422896081807,
      "p": 0.030253743485423704
    }
  },
  "kimi-k2": {
    "team_acc_lift": {
      "lift": -0.02954954954954947,
      "ci_lo": -0.05893761081569482,
      "ci_hi": -0.000509479151145853
    },
    "introspection_score": {
      "mcc": 0.12306528620774865,
      "p": 0.0
    },
    "self_acc_lift": {
      "lift": 0.04639086939700432,
      "p": 0.017420261821490292
    },
    "normed_self_acc_lift": {
      "lift": 0.10909717167515846,
      "ci_lo": 0.022531714671934985,
      "ci_hi": 0.18844884059478004
    },
    "single_point_auc": {
      "auc": 0.24884453561663533,
      "ci_lo": 0.12984966483478128,
      "ci_hi": 0.3678394063984894
    },
    "full_auc": {
      "auc": 0.638480523481662,
      "ci_lo": 0.6066901826895388,
      "ci_hi": 0.669117618282358
    },
    "calibration_auc": {
      "auc": 0.7107585941235854,
      "ci_lo": 0.6814915747124667,
      "ci_hi": 0.7397388400733939
    },
    "calibration_entropy_auc": {
      "auc": 0.7056545879602573,
      "ci_lo": 0.675244008565128,
      "ci_hi": 0.7348725894754358
    },
    "s_i_capability": {
      "coef": -0.6350236544377423,
      "p": 6.460769056796947e-05
    }
  },
  "llama-3.1-405b-instruct": {
    "team_acc_lift": {
      "lift": -0.26518518518518525,
      "ci_lo": -0.2888978850628668,
      "ci_hi": -0.24030807948380856
    },
    "introspection_score": {
      "mcc": 0.08249933801214147,
      "p": 0.002
    },
    "self_acc_lift": {
      "lift": 0.02350301039956204,
      "p": 0.5252321536704365
    },
    "normed_self_acc_lift": {
      "lift": 0.05314751095378351,
      "ci_lo": -0.10280466371265194,
      "ci_hi": 0.22023912666782175
    },
    "single_point_auc": {
      "auc": 0.16849819533722277,
      "ci_lo": 0.061091755454517324,
      "ci_hi": 0.2759046352199282
    },
    "full_auc": {
      "auc": 0.73012055436972,
      "ci_lo": 0.6899963659518966,
      "ci_hi": 0.7706070123660437
    },
    "calibration_auc": {
      "auc": 0.7322669122504954,
      "ci_lo": 0.7047359345613495,
      "ci_hi": 0.7583875308431056
    },
    "calibration_entropy_auc": {
      "auc": 0.7357905063164428,
      "ci_lo": 0.7088144573701706,
      "ci_hi": 0.7623438555665074
    },
    "s_i_capability": {
      "coef": -0.4756107961358017,
      "p": 0.07634590771778836
    }
  }
}