{
  "deepseek-chat": {
    "team_acc_lift": {
      "lift": -0.17803526448362722,
      "ci_lo": -0.21885936608234746,
      "ci_hi": -0.13264874726513987
    },
    "introspection_score": {
      "mcc": 0.10374321912421636,
      "p": 0.034
    },
    "self_acc_lift": {
      "lift": 0.06028748548243562,
      "p": 0.11862414659498441
    },
    "normed_self_acc_lift": {
      "lift": 0.10590323777224309,
      "ci_lo": -0.030840972921413832,
      "ci_hi": 0.2426474484659001
    },
    "single_point_auc": {
      "auc": 0.20944886686209463,
      "ci_lo": 0.0107977232274582,
      "ci_hi": 0.40810001049673106
    },
    "full_auc": {
      "auc": 0.5962509763082531,
      "ci_lo": 0.5386989308295707,
      "ci_hi": 0.6528146994496685
    },
    "calibration_auc": {
      "auc": 0.6982611395746001,
      "ci_lo": 0.6439313175597846,
      "ci_hi": 0.7517771265292817
    },
    "calibration_entropy_auc": {
      "auc": 0.7084821197536614,
      "ci_lo": 0.6559289150422849,
      "ci_hi": 0.7603265434463964
    },
    "s_i_capability": {
      "coef": -0.2854144548462232,
      "p": 0.21023231797999087
    }
  },
  "llama-3.1-405b-instruct": {
    "team_acc_lift": {
      "lift": -0.014458438287153652,
      "ci_lo": -0.061627966843959936,
      "ci_hi": 0.03452157265844896
    },
    "introspection_score": {
      "mcc": 0.022371087769745685,
      "p": 0.657
    },
    "self_acc_lift": {
      "lift": 0.003335455476513427,
      "p": 0.9157416496252199
    },
    "normed_self_acc_lift": {
      "lift": 0.005859185062724913,
      "ci_lo": -0.08583341437323741,
      "ci_hi": 0.09272585821258388
    },
    "single_point_auc": {
      "auc": 0.04542407094459744,
      "ci_lo": -0.153227072690039,
      "ci_hi": 0.24407521457923387
    },
    "full_auc": {
      "auc": 0.5140692640692641,
      "ci_lo": 0.41097501014047777,
      "ci_hi": 0.6118306014159308
    },
    "calibration_auc": {
      "auc": 0.6906018734151012,
      "ci_lo": 0.6373390077218895,
      "ci_hi": 0.739702216696547
    },
    "calibration_entropy_auc": {
      "auc": 0.6910158878021011,
      "ci_lo": 0.6363216690647635,
      "ci_hi": 0.7407765664164616
    },
    "s_i_capability": {
      "coef": -0.08973563116884127,
      "p": 0.8166638747578561
    }
  },
  "openai-gpt-5-chat": {
    "team_acc_lift": {
      "lift": -0.1536523929471033,
      "ci_lo": -0.19242983662537105,
      "ci_hi": -0.12151338469442263
    },
    "introspection_score": {
      "mcc": 0.16695632588034995,
      "p": 0.001
    },
    "self_acc_lift": {
      "lift": 0.11039392667226416,
      "p": 0.009396194841009417
    },
    "normed_self_acc_lift": {
      "lift": 0.20672824947589089,
      "ci_lo": 0.05067479035639419,
      "ci_hi": 0.3497772536687631
    },
    "single_point_auc": {
      "auc": 0.3355567334619618,
      "ci_lo": 0.13836461635054842,
      "ci_hi": 0.5327488505733752
    },
    "s_i_capability": {
      "coef": -0.45740834135801944,
      "p": 0.04815582328686127
    }
  }
}