{
  "claude-sonnet-4-20250514": {
    "team_acc_lift": {
      "lift": -0.005843828715365262,
      "ci_lo": -0.05502528058020928,
      "ci_hi": 0.042299613246568835
    },
    "introspection_score": {
      "mcc": 0.10972944197123934,
      "p": 0.028
    },
    "self_acc_lift": {
      "lift": 0.08181193663217934,
      "p": 0.07980260297293475
    },
    "normed_self_acc_lift": {
      "lift": 0.19448705893997126,
      "ci_lo": -0.001979512050279799,
      "ci_hi": 0.39095362993022204
    },
    "single_point_auc": {
      "auc": 0.22474806460832064,
      "ci_lo": 0.02548757604651547,
      "ci_hi": 0.4240085531701258
    },
    "s_i_capability": {
      "coef": -0.5682012351797665,
      "p": 0.02767093257343498
    }
  },
  "deepseek-chat": {
    "team_acc_lift": {
      "lift": -0.03929471032745602,
      "ci_lo": -0.08363515019098411,
      "ci_hi": 4.879814299385554e-05
    },
    "introspection_score": {
      "mcc": 0.19172349153006138,
      "p": 0.0
    },
    "self_acc_lift": {
      "lift": 0.16926952141057933,
      "p": 0.0012001846324027014
    },
    "normed_self_acc_lift": {
      "lift": 0.29734513274336277,
      "ci_lo": 0.13092687470889616,
      "ci_hi": 0.4822543083372146
    },
    "single_point_auc": {
      "auc": 0.3859400740757827,
      "ci_lo": 0.18728893044114625,
      "ci_hi": 0.5845912177104191
    },
    "full_auc": {
      "auc": 0.6658417567096548,
      "ci_lo": 0.6030518898578676,
      "ci_hi": 0.7287011462722766
    },
    "calibration_auc": {
      "auc": 0.7022460280494746,
      "ci_lo": 0.6466852584152807,
      "ci_hi": 0.7564155749855137
    },
    "calibration_entropy_auc": {
      "auc": 0.708922010039849,
      "ci_lo": 0.655574081671083,
      "ci_hi": 0.7620488634606464
    },
    "s_i_capability": {
      "coef": -0.698009718366804,
      "p": 0.005677804853868223
    }
  },
  "gemini-2.5-flash_nothink": {
    "team_acc_lift": {
      "lift": -0.37355163727959695,
      "ci_lo": -0.4226848771028789,
      "ci_hi": -0.3249253325251782
    },
    "introspection_score": {
      "mcc": -0.06935841829962412,
      "p": 0.179
    },
    "self_acc_lift": {
      "lift": -0.01316066463897092,
      "p": 0.6293563709939822
    },
    "normed_self_acc_lift": {
      "lift": -0.025737851535327365,
      "ci_lo": -0.12718445223662353,
      "ci_hi": 0.07007282690478557
    },
    "single_point_auc": {
      "auc": -0.1390453668878746,
      "ci_lo": -0.33583148579305255,
      "ci_hi": 0.057740752017303304
    },
    "full_auc": {
      "auc": 0.46789625360230547,
      "ci_lo": 0.38218276011566865,
      "ci_hi": 0.5559303905314543
    },
    "calibration_auc": {
      "auc": 0.7061093900766847,
      "ci_lo": 0.6554376066487974,
      "ci_hi": 0.7569487390744303
    },
    "calibration_entropy_auc": {
      "auc": 0.7116956985424814,
      "ci_lo": 0.6617473318304786,
      "ci_hi": 0.7626201270911189
    },
    "s_i_capability": {
      "coef": 0.5031611196179042,
      "p": 0.11375732467300496
    }
  },
  "gemini-2.5-flash_think": {
    "team_acc_lift": {
      "lift": -0.042267002518891705,
      "ci_lo": -0.08915935405038411,
      "ci_hi": 0.000835405878720108
    },
    "introspection_score": {
      "mcc": 0.054960248433195816,
      "p": 0.291
    },
    "self_acc_lift": {
      "lift": 0.015557327437797919,
      "p": 0.5797390636240003
    },
    "normed_self_acc_lift": {
      "lift": 0.06238645447278558,
      "ci_lo": -0.13956107840999915,
      "ci_hi": 0.26433398735557034
    },
    "single_point_auc": {
      "auc": 0.1254841041627528,
      "ci_lo": -0.10187775667184487,
      "ci_hi": 0.35284596499735044
    },
    "full_auc": {
      "auc": 0.6212938005390836,
      "ci_lo": 0.5582171800201156,
      "ci_hi": 0.6836284839457134
    },
    "calibration_auc": {
      "auc": 0.5977853769744341,
      "ci_lo": 0.5289313666127355,
      "ci_hi": 0.6601882149569609
    },
    "calibration_entropy_auc": {
      "auc": 0.5926716832757102,
      "ci_lo": 0.5270077934086256,
      "ci_hi": 0.6571438880459803
    },
    "s_i_capability": {
      "coef": -0.12898802344528543,
      "p": 0.6224998292375805
    }
  },
  "gpt-4.1-2025-04-14": {
    "team_acc_lift": {
      "lift": 0.006297229219143552,
      "ci_lo": -0.04270691757890216,
      "ci_hi": 0.05518067719126962
    },
    "introspection_score": {
      "mcc": 0.218953685542784,
      "p": 0.0
    },
    "self_acc_lift": {
      "lift": 0.0759818488853668,
      "p": 0.013748283089685415
    },
    "normed_self_acc_lift": {
      "lift": 0.13773878542233162,
      "ci_lo": 0.029107451302310527,
      "ci_hi": 0.24637011954235288
    },
    "single_point_auc": {
      "auc": 0.44969721906284077,
      "ci_lo": 0.2519040513679149,
      "ci_hi": 0.6474903867577666
    },
    "full_auc": {
      "auc": 0.6593488908095649,
      "ci_lo": 0.6044359052123863,
      "ci_hi": 0.7110479711871626
    },
    "calibration_auc": {
      "auc": 0.6855215227540915,
      "ci_lo": 0.6326506140561187,
      "ci_hi": 0.737139126895654
    },
    "calibration_entropy_auc": {
      "auc": 0.6971807500897851,
      "ci_lo": 0.644090628900602,
      "ci_hi": 0.7474290415466885
    },
    "s_i_capability": {
      "coef": -0.7722306261674273,
      "p": 0.0021224151554795337
    }
  },
  "gpt-4o-2024-08-06": {
    "team_acc_lift": {
      "lift": -0.03148614609571787,
      "ci_lo": -0.08003582576169294,
      "ci_hi": 0.017667027699856064
    },
    "introspection_score": {
      "mcc": -0.03118316841840495,
      "p": 0.54
    },
    "self_acc_lift": {
      "lift": -0.015213604521473245,
      "p": 0.7212455767304863
    },
    "normed_self_acc_lift": {
      "lift": -0.02637467683416977,
      "ci_lo": -0.14712463881466026,
      "ci_hi": 0.0943752851463208
    },
    "single_point_auc": {
      "auc": -0.06312320846430142,
      "ci_lo": -0.262223072004347,
      "ci_hi": 0.13597665507574422
    },
    "full_auc": {
      "auc": 0.5521626561072189,
      "ci_lo": 0.49606163845372464,
      "ci_hi": 0.6080867840012931
    },
    "calibration_auc": {
      "auc": 0.6890725722603452,
      "ci_lo": 0.6340972213230438,
      "ci_hi": 0.7413988471690709
    },
    "calibration_entropy_auc": {
      "auc": 0.6938032855063423,
      "ci_lo": 0.639235768200998,
      "ci_hi": 0.7450908626127295
    },
    "s_i_capability": {
      "coef": 0.01561271416699631,
      "p": 0.9426496835225694
    }
  },
  "grok-3-latest": {
    "team_acc_lift": {
      "lift": -0.30881612090680105,
      "ci_lo": -0.35767173763494575,
      "ci_hi": -0.25979152582236875
    },
    "introspection_score": {
      "mcc": -0.08927773376309038,
      "p": 0.087
    },
    "self_acc_lift": {
      "lift": -0.019665564019301363,
      "p": 0.5083710691717209
    },
    "normed_self_acc_lift": {
      "lift": -0.035978013436233365,
      "ci_lo": -0.13516739770140465,
      "ci_hi": 0.06321137082893794
    },
    "single_point_auc": {
      "auc": -0.17880754729690862,
      "ci_lo": -0.37640312696233824,
      "ci_hi": 0.018788032368521
    },
    "full_auc": {
      "auc": 0.5330398517145505,
      "ci_lo": 0.45482542872291365,
      "ci_hi": 0.6105204895943028
    },
    "calibration_auc": {
      "auc": 0.7162698412698414,
      "ci_lo": 0.6656309922556384,
      "ci_hi": 0.7699751552168835
    },
    "calibration_entropy_auc": {
      "auc": 0.7499587526810756,
      "ci_lo": 0.6983183899218288,
      "ci_hi": 0.7957672408578206
    },
    "s_i_capability": {
      "coef": 0.3666782988900668,
      "p": 0.2257879633056391
    }
  },
  "llama-3.1-405b-instruct": {
    "team_acc_lift": {
      "lift": -0.014458438287153652,
      "ci_lo": -0.061627966843959936,
      "ci_hi": 0.03452157265844896
    },
    "introspection_score": {
      "mcc": 0.022371087769745685,
      "p": 0.657
    },
    "self_acc_lift": {
      "lift": 0.003335455476513427,
      "p": 0.9157416496252199
    },
    "normed_self_acc_lift": {
      "lift": 0.005859185062724913,
      "ci_lo": -0.08583341437323741,