{
  "deepseek-chat-v3.1": {
    "team_acc_lift": {
      "lift": -0.0030000000000000027,
      "ci_lo": -0.046826143467113335,
      "ci_hi": 0.04082614346711333
    },
    "introspection_score": {
      "mcc": -0.019490795209156368,
      "p": 0.665
    },
    "self_acc_lift": {
      "lift": -0.0033557046979865723,
      "p": 0.9246490558309703
    },
    "normed_self_acc_lift": {
      "lift": -0.006711409395973145,
      "ci_lo": -0.10067114093959728,
      "ci_hi": 0.08724832214765099
    },
    "single_point_auc": {
      "auc": -0.03899620848268759,
      "ci_lo": -0.2143007165980039,
      "ci_hi": 0.13630829963262872
    },
    "full_auc": {
      "auc": 0.596344603435904,
      "ci_lo": 0.5252640475364156,
      "ci_hi": 0.6648155013792423
    },
    "calibration_auc": {
      "auc": 0.665344,
      "ci_lo": 0.6189293015695351,
      "ci_hi": 0.7116992349102264
    },
    "calibration_entropy_auc": {
      "auc": 0.6640799999999999,
      "ci_lo": 0.6177572009044335,
      "ci_hi": 0.7091641072685363
    },
    "s_i_capability": {
      "coef": 0.07138164693210901,
      "p": 0.8176983909232373
    }
  },
  "gpt-4o-2024-08-06": {
    "team_acc_lift": {
      "lift": 0.02400000000000002,
      "ci_lo": -0.019776414617919513,
      "ci_hi": 0.06777641461791961
    },
    "introspection_score": {
      "mcc": 0.17478243936492102,
      "p": 0.0
    },
    "self_acc_lift": {
      "lift": 0.268,
      "p": 0.0002261887012500714
    },
    "normed_self_acc_lift": {
      "lift": 0.5173745173745173,
      "ci_lo": 0.27606177606177607,
      "ci_hi": 0.7184684684684685
    },
    "single_point_auc": {
      "auc": 0.35976105888454685,
      "ci_lo": 0.1843428429119902,
      "ci_hi": 0.5351792748571035
    },
    "full_auc": {
      "auc": 0.8677405973451328,
      "ci_lo": 0.8011420905686074,
      "ci_hi": 0.9254406148817605
    },
    "calibration_auc": {
      "auc": 0.7129479805828354,
      "ci_lo": 0.6648866951326353,
      "ci_hi": 0.758558025751874
    },
    "calibration_entropy_auc": {
      "auc": 0.7112097278072381,
      "ci_lo": 0.6652147395709103,
      "ci_hi": 0.7549370068775311
    },
    "s_i_capability": {
      "coef": -1.2832279245601559,
      "p": 0.0003128446414899944
    }
  },
  "kimi-k2-0905": {
    "team_acc_lift": {
      "lift": -0.020000000000000018,
      "ci_lo": -0.06368646106060782,
      "ci_hi": 0.02368646106060779
    },
    "introspection_score": {
      "mcc": 0.09390603631393281,
      "p": 0.028
    },
    "self_acc_lift": {
      "lift": 0.06987012987012986,
      "p": 0.08818189094871698
    },
    "normed_self_acc_lift": {
      "lift": 0.15879574970484062,
      "ci_lo": -0.018299881936245658,
      "ci_hi": 0.3358913813459266
    },
    "single_point_auc": {
      "auc": 0.19053912919455218,
      "ci_lo": 0.013958631273932792,
      "ci_hi": 0.36711962711517154
    },
    "full_auc": {
      "auc": 0.6530478192327903,
      "ci_lo": 0.5997719255260243,
      "ci_hi": 0.7042805585565982
    },
    "calibration_auc": {
      "auc": 0.6829383116883118,
      "ci_lo": 0.6388679812437957,
      "ci_hi": 0.729034445852497
    },
    "calibration_entropy_auc": {
      "auc": 0.689172077922078,
      "ci_lo": 0.6441250248191872,
      "ci_hi": 0.7346336403842416
    },
    "s_i_capability": {
      "coef": -0.4290125805931929,
      "p": 0.04344997458794671
    }
  },
  "llama-3.3-70b-instruct": {
    "team_acc_lift": {
      "lift": -0.009000000000000008,
      "ci_lo": -0.05281983182076355,
      "ci_hi": 0.034819831820763536
    },
    "introspection_score": {
      "mcc": 0.036240287715107136,
      "p": 0.427
    },
    "self_acc_lift": {
      "lift": 0.021832512315270947,
      "p": 0.573080685049842
    },
    "normed_self_acc_lift": {
      "lift": 0.04013329469718924,
      "ci_lo": -0.08664155317299335,
      "ci_hi": 0.16690814256737174
    },
    "single_point_auc": {
      "auc": 0.07273641938786213,
      "ci_lo": -0.10325083574652147,
      "ci_hi": 0.24872367452224572
    },
    "full_auc": {
      "auc": 0.566369773266325,
      "ci_lo": 0.5138801154881079,
      "ci_hi": 0.6166711672982854
    },
    "calibration_auc": {
      "auc": 0.611842105263158,
      "ci_lo": 0.5597186486994045,
      "ci_hi": 0.6587056831027801
    },
    "calibration_entropy_auc": {
      "auc": 0.6146236455108359,
      "ci_lo": 0.5625888510020952,
      "ci_hi": 0.6604072163368364
    },
    "s_i_capability": {
      "coef": -0.13380327012967605,
      "p": 0.4841175196097214
    }
  },
  "qwen3-235b-a22b-2507": {
    "team_acc_lift": {
      "lift": -0.020000000000000018,
      "ci_lo": -0.06320401996111014,
      "ci_hi": 0.0232040199611101
    },
    "introspection_score": {
      "mcc": 0.11914061530229256,
      "p": 0.007
    },
    "self_acc_lift": {
      "lift": 0.05509090909090908,
      "p": 0.06824581989070794
    },
    "normed_self_acc_lift": {
      "lift": 0.13911845730027544,
      "ci_lo": -0.004361799816345172,
      "ci_hi": 0.2732724977043147
    },
    "single_point_auc": {
      "auc": 0.24394787545199148,
      "ci_lo": 0.06472352025604697,
      "ci_hi": 0.42317223064793597
    },
    "full_auc": {
      "auc": 0.6077298407806883,
      "ci_lo": 0.5575582823792956,
      "ci_hi": 0.6568177208760999
    },
    "calibration_auc": {
      "auc": 0.715382299819386,
      "ci_lo": 0.6728607213075279,
      "ci_hi": 0.7608969300630558
    },
    "calibration_entropy_auc": {
      "auc": 0.7186935580975315,
      "ci_lo": 0.6754959517722136,
      "ci_hi": 0.7645780566650116
    },
    "s_i_capability": {
      "coef": -0.5259879627021748,
      "p": 0.0075598549104294276
    }
  }
}