{
  "claude-3-5-sonnet-20241022": {
    "team_acc_lift": {
      "lift": -0.41555555555555557,
      "ci_lo": -0.44866694304265387,
      "ci_hi": -0.37710224238604906
    },
    "introspection_score": {
      "mcc": -0.01937187975171554,
      "p": 0.716
    },
    "self_acc_lift": {
      "lift": -0.021052631578947323,
      "p": 0.7262917659309533
    },
    "normed_self_acc_lift": {
      "lift": -0.05263157894736831,
      "ci_lo": -0.34868421052631576,
      "ci_hi": 0.21052631578947378
    },
    "single_point_auc": {
      "auc": -0.03941395649124202,
      "ci_lo": -0.22801157883727063,
      "ci_hi": 0.1491836658547866
    },
    "full_auc": {
      "auc": 0.5679355474247115,
      "ci_lo": 0.4891715884631431,
      "ci_hi": 0.643663168979239
    },
    "calibration_auc": {
      "auc": 0.7442489711934157,
      "ci_lo": 0.6998303323218832,
      "ci_hi": 0.7878429845283021
    },
    "calibration_entropy_auc": {
      "auc": 0.7429012345679011,
      "ci_lo": 0.6995864055536158,
      "ci_hi": 0.7858195726574915
    },
    "s_i_capability": {
      "coef": 0.16492202621157642,
      "p": 0.5549131177461144
    }
  },
  "claude-opus-4-1-20250805": {
    "team_acc_lift": {
      "lift": -0.10444444444444445,
      "ci_lo": -0.1505610962580164,
      "ci_hi": -0.0596068452590548
    },
    "introspection_score": {
      "mcc": 0.0628959203249834,
      "p": 0.174
    },
    "self_acc_lift": {
      "lift": 0.04282828282828288,
      "p": 0.2819120289413854
    },
    "normed_self_acc_lift": {
      "lift": 0.13572343149807953,
      "ci_lo": -0.10804688269477003,
      "ci_hi": 0.3573328080370334
    },
    "single_point_auc": {
      "auc": 0.1368856409137713,
      "ci_lo": -0.0619227990596217,
      "ci_hi": 0.33569408088716435
    },
    "s_i_capability": {
      "coef": -0.341351301438865,
      "p": 0.1581481622477593
    }
  },
  "claude-sonnet-4-20250514": {
    "team_acc_lift": {
      "lift": -0.015555555555555545,
      "ci_lo": -0.061402675828114206,
      "ci_hi": 0.030554899081628895
    },
    "introspection_score": {
      "mcc": 0.05925018811911148,
      "p": 0.196
    },
    "self_acc_lift": {
      "lift": 0.022152535811072405,
      "p": 0.4753773632924946
    },
    "normed_self_acc_lift": {
      "lift": 0.03940174353748056,
      "ci_lo": -0.05975678616187626,
      "ci_hi": 0.14475768134304715
    },
    "single_point_auc": {
      "auc": 0.11977756305070097,
      "ci_lo": -0.06645729585154322,
      "ci_hi": 0.3060124219529452
    },
    "s_i_capability": {
      "coef": -0.30261118423783995,
      "p": 0.1432151297979217
    }
  },
  "claude-sonnet-4-5-20250929": {
    "team_acc_lift": {
      "lift": -0.22666666666666663,
      "ci_lo": -0.26464664529358417,
      "ci_hi": -0.18451095740068357
    },
    "introspection_score": {
      "mcc": 0.16174056368322237,
      "p": 0.0
    },
    "self_acc_lift": {
      "lift": 0.35117117117117114,
      "p": 1.793757068071327e-05
    },
    "normed_self_acc_lift": {
      "lift": 0.684099684099684,
      "ci_lo": 0.47349947349947347,
      "ci_hi": 0.8946998946998946
    },
    "single_point_auc": {
      "auc": 0.3339413892843598,
      "ci_lo": 0.14908847553527244,
      "ci_hi": 0.5187943030334472
    },
    "s_i_capability": {
      "coef": -1.2791621891418186,
      "p": 0.0018001014134714334
    }
  },
  "deepseek-chat-v3.1": {
    "team_acc_lift": {
      "lift": 0.004444444444444473,
      "ci_lo": -0.04159223924669053,
      "ci_hi": 0.050405889745686494
    },
    "introspection_score": {
      "mcc": 0.004676523735449556,
      "p": 0.908
    },
    "self_acc_lift": {
      "lift": 0.0016949152542372614,
      "p": 1.0
    },
    "normed_self_acc_lift": {
      "lift": 0.003389830508474523,
      "ci_lo": -0.11186440677966103,
      "ci_hi": 0.11186440677966103
    },
    "single_point_auc": {
      "auc": 0.009353092523332274,
      "ci_lo": -0.17543408405662478,
      "ci_hi": 0.19414026910328933
    },
    "full_auc": {
      "auc": 0.5037944231820667,
      "ci_lo": 0.4480586367721175,
      "ci_hi": 0.5590431817034108
    },
    "calibration_auc": {
      "auc": 0.6670617283950617,
      "ci_lo": 0.6194026043440017,
      "ci_hi": 0.7159613311709266
    },
    "calibration_entropy_auc": {
      "auc": 0.665837037037037,
      "ci_lo": 0.6190689840749741,
      "ci_hi": 0.714491311978545
    },
    "s_i_capability": {
      "coef": -0.03729604199850119,
      "p": 0.8565695618136464
    }
  },
  "deepseek-chat": {
    "team_acc_lift": {
      "lift": -0.11333333333333334,
      "ci_lo": -0.1565542402260257,
      "ci_hi": -0.06785527474384878
    },
    "introspection_score": {
      "mcc": 0.16911628479040297,
      "p": 0.0
    },
    "self_acc_lift": {
      "lift": 0.2571428571428572,
      "p": 4.0490841357773457e-05
    },
    "normed_self_acc_lift": {
      "lift": 0.5031055900621119,
      "ci_lo": 0.2857142857142857,
      "ci_hi": 0.68944099378882
    },
    "single_point_auc": {
      "auc": 0.34423671743366524,
      "ci_lo": 0.15940389748470776,
      "ci_hi": 0.5290695373826227
    },
    "full_auc": {
      "auc": 0.7547680570936385,
      "ci_lo": 0.6815719110610752,
      "ci_hi": 0.8205593750745156
    },
    "calibration_auc": {
      "auc": 0.6520158102766799,
      "ci_lo": 0.6021690456249553,
      "ci_hi": 0.7024287252680407
    },
    "calibration_entropy_auc": {
      "auc": 0.6538537549407115,
      "ci_lo": 0.6041363293345637,
      "ci_hi": 0.7034692404990947
    },
    "s_i_capability": {
      "coef": -1.0149352453128675,
      "p": 0.0009363406280990735
    }
  },
  "deepseek-r1": {
    "team_acc_lift": {
      "lift": -0.010370370370370363,
      "ci_lo": -0.03694302426883489,
      "ci_hi": 0.0158071422016417
    },
    "introspection_score": {
      "mcc": 0.07988563054170286,
      "p": 0.004
    },
    "self_acc_lift": {
      "lift": 0.03699164345403905,
      "p": 0.045121298238882404
    },
    "normed_self_acc_lift": {
      "lift": 0.08807534155723581,
      "ci_lo": 0.0018570102135562732,
      "ci_hi": 0.17097758323385082
    },
    "single_point_auc": {
      "auc": 0.16191456124252324,
      "ci_lo": 0.05383525089598348,
      "ci_hi": 0.26999387158906296
    },
    "s_i_capability": {
      "coef": -0.33951422896081807,
      "p": 0.030253743485423704
    }
  },
  "gemini-2.5-flash_nothink": {
    "team_acc_lift": {
      "lift": 0.004444444444444473,
      "ci_lo": -0.04170878670330058,
      "ci_hi": 0.05018386444777767
    },
    "introspection_score": {
      "mcc": 0.08099641479493266,
      "p": 0.069
    },
    "self_acc_lift": {
      "lift": 0.07526952695269529,
      "p": 0.13633896325799033
    },
    "normed_self_acc_lift": {
      "lift": 0.15326374266385917,
      "ci_lo": -0.048340128130460014,
      "ci_hi": 0.33521123605572967
    },
    "single_point_auc": {
      "auc": 0.16258874131408552,
      "ci_lo": -0.022227643125944496,
      "ci_hi": 0.34740512575411553
    },
    "full_auc": {
      "auc": 0.6117336662032966,
      "ci_lo": 0.5516065253498175,
      "ci_hi": 0.6766698838797527
    },
    "calibration_auc": {
      "auc": 0.6550811120551681,
      "ci_lo": 0.6055571135607182,
      "ci_hi": 0.7038490743081126
    },
    "calibration_entropy_auc": {
      "auc": 0.6507933371534708,
      "ci_lo": 0.6010061068679141,
      "ci_hi": 0.6993843156781775
    },
    "s_i_capability": {
      "coef": -0.4238584194476838,
      "p": 0.07418204949448871
    }
  },
  "gpt-4o-2024-08-06": {
    "team_acc_lift": {
      "lift": -0.0022222222222222365,
      "ci_lo": -0.04820382860589123,
      "ci_hi": 0.04379700335639325
    },
    "introspection_score": {
      "mcc": 0.04840487822457723,
      "p": 0.283
    },
    "self_acc_lift": {
      "lift": 0.016170060735977154,
      "p": 0.5710208727222605
    },
    "normed_self_acc_lift": {
      "lift": 0.03122973103514901,
      "ci_lo": -0.07434138801871298,
      "ci_hi": 0.13074603590797967
    },