{
  "claude-3-5-sonnet-20241022": {
    "team_acc_lift": {
      "lift": -0.3977777777777778,
      "ci_lo": -0.4322962958530746,
      "ci_hi": -0.3582182875796451
    },
    "introspection_score": {
      "mcc": -0.01937187975171554,
      "p": 0.716
    },
    "self_acc_lift": {
      "lift": -0.021052631578947323,
      "p": 0.7262917659309533
    },
    "normed_self_acc_lift": {
      "lift": -0.05263157894736831,
      "ci_lo": -0.34868421052631576,
      "ci_hi": 0.21052631578947378
    },
    "single_point_auc": {
      "auc": -0.03941395649124202,
      "ci_lo": -0.22801157883727063,
      "ci_hi": 0.1491836658547866
    },
    "full_auc": {
      "auc": 0.5679355474247115,
      "ci_lo": 0.4891715884631431,
      "ci_hi": 0.643663168979239
    },
    "calibration_auc": {
      "auc": 0.7442489711934157,
      "ci_lo": 0.6998303323218832,
      "ci_hi": 0.7878429845283021
    },
    "calibration_entropy_auc": {
      "auc": 0.7429012345679011,
      "ci_lo": 0.6995864055536158,
      "ci_hi": 0.7858195726574915
    },
    "s_i_capability": {
      "coef": 0.16492202621157642,
      "p": 0.5549131177461144
    }
  },
  "claude-opus-4-1-20250805": {
    "team_acc_lift": {
      "lift": -0.10444444444444445,
      "ci_lo": -0.1505610962580164,
      "ci_hi": -0.0596068452590548
    },
    "introspection_score": {
      "mcc": 0.0628959203249834,
      "p": 0.174
    },
    "self_acc_lift": {
      "lift": 0.04282828282828288,
      "p": 0.2819120289413854
    },
    "normed_self_acc_lift": {
      "lift": 0.13572343149807953,
      "ci_lo": -0.10804688269477003,
      "ci_hi": 0.3573328080370334
    },
    "single_point_auc": {
      "auc": 0.1368856409137713,
      "ci_lo": -0.0619227990596217,
      "ci_hi": 0.33569408088716435
    },
    "s_i_capability": {
      "coef": -0.341351301438865,
      "p": 0.1581481622477593
    }
  },
  "claude-sonnet-4-20250514": {
    "team_acc_lift": {
      "lift": -0.03111111111111109,
      "ci_lo": -0.07557718277090913,
      "ci_hi": 0.01489734754149491
    },
    "introspection_score": {
      "mcc": 0.13444300995476638,
      "p": 0.004
    },
    "self_acc_lift": {
      "lift": 0.0643681449690034,
      "p": 0.055284116684787214
    },
    "normed_self_acc_lift": {
      "lift": 0.11448879539941316,
      "ci_lo": 0.007616753464859468,
      "ci_hi": 0.22899455461500626
    },
    "single_point_auc": {
      "auc": 0.27203894406133555,
      "ci_lo": 0.08580408515909135,
      "ci_hi": 0.4582738029635798
    },
    "s_i_capability": {
      "coef": -0.546498378130309,
      "p": 0.0075981445141026695
    }
  },
  "claude-sonnet-4-5-20250929": {
    "team_acc_lift": {
      "lift": -0.2422222222222222,
      "ci_lo": -0.2792327202498192,
      "ci_hi": -0.2007726591909339
    },
    "introspection_score": {
      "mcc": 0.02362080363411516,
      "p": 0.615
    },
    "self_acc_lift": {
      "lift": 0.03416666666666668,
      "p": 0.666910900070536
    },
    "normed_self_acc_lift": {
      "lift": 0.06655844155844158,
      "ci_lo": -0.2175324675324676,
      "ci_hi": 0.3100649350649351
    },
    "single_point_auc": {
      "auc": 0.047246278214415516,
      "ci_lo": -0.13760663553467184,
      "ci_hi": 0.23209919196350287
    },
    "s_i_capability": {
      "coef": -0.21231839444143633,
      "p": 0.5048450154840878
    }
  },
  "deepseek-chat-v3.1": {
    "team_acc_lift": {
      "lift": 0.004444444444444473,
      "ci_lo": -0.04159223924669053,
      "ci_hi": 0.050405889745686494
    },
    "introspection_score": {
      "mcc": 0.004676523735449556,
      "p": 0.908
    },
    "self_acc_lift": {
      "lift": 0.0016949152542372614,
      "p": 1.0
    },
    "normed_self_acc_lift": {
      "lift": 0.003389830508474523,
      "ci_lo": -0.11186440677966103,
      "ci_hi": 0.11186440677966103
    },
    "single_point_auc": {
      "auc": 0.009353092523332274,
      "ci_lo": -0.17543408405662478,
      "ci_hi": 0.19414026910328933
    },
    "full_auc": {
      "auc": 0.5037944231820667,
      "ci_lo": 0.4480586367721175,
      "ci_hi": 0.5590431817034108
    },
    "calibration_auc": {
      "auc": 0.6670617283950617,
      "ci_lo": 0.6194026043440017,
      "ci_hi": 0.7159613311709266
    },
    "calibration_entropy_auc": {
      "auc": 0.665837037037037,
      "ci_lo": 0.6190689840749741,
      "ci_hi": 0.714491311978545
    },
    "s_i_capability": {
      "coef": -0.03729604199850119,
      "p": 0.8565695618136464
    }
  },
  "deepseek-chat": {
    "team_acc_lift": {
      "lift": -0.00888888888888889,
      "ci_lo": -0.054807308658246845,
      "ci_hi": 0.03718000766025531
    },
    "introspection_score": {
      "mcc": 0.011748525924795583,
      "p": 0.799
    },
    "self_acc_lift": {
      "lift": 0.005182257356170394,
      "p": 0.8999712183930019
    },
    "normed_self_acc_lift": {
      "lift": 0.01013919917511599,
      "ci_lo": -0.10586011342155009,
      "ci_hi": 0.13406513146588658
    },
    "single_point_auc": {
      "auc": 0.02350419302597717,
      "ci_lo": -0.1613286269229803,
      "ci_hi": 0.20833701297493465
    },
    "full_auc": {
      "auc": 0.5194518569049578,
      "ci_lo": 0.46410131898030693,
      "ci_hi": 0.5754899309645578
    },
    "calibration_auc": {
      "auc": 0.6520158102766799,
      "ci_lo": 0.6005516526871867,
      "ci_hi": 0.7010024651597384
    },
    "calibration_entropy_auc": {
      "auc": 0.6538537549407115,
      "ci_lo": 0.6015040581200858,
      "ci_hi": 0.7018039811461073
    },
    "s_i_capability": {
      "coef": -0.05516631971556327,
      "p": 0.7836982544824831
    }
  },
  "deepseek-r1": {
    "team_acc_lift": {
      "lift": -0.022222222222222143,
      "ci_lo": -0.06840659635187574,
      "ci_hi": 0.022984052838821545
    },
    "introspection_score": {
      "mcc": 0.07555092576100998,
      "p": 0.109
    },
    "self_acc_lift": {
      "lift": 0.0424489795918368,
      "p": 0.2471131037103223
    },
    "normed_self_acc_lift": {
      "lift": 0.10106899902818285,
      "ci_lo": -0.06899902818270168,
      "ci_hi": 0.25898931000971837
    },
    "single_point_auc": {
      "auc": 0.15348948103791793,
      "ci_lo": -0.033709375729293584,
      "ci_hi": 0.3406883378051294
    },
    "s_i_capability": {
      "coef": -0.3754652500414746,
      "p": 0.07780222686170209
    }
  },
  "ft:gpt-4.1-2025-04-14:personal:garupanese-41-f2e:Ca6CxgOU": {
    "team_acc_lift": {
      "lift": -0.053333333333333344,
      "ci_lo": -0.09548904259931634,
      "ci_hi": -0.015353354706415856
    },
    "introspection_score": {
      "mcc": 0.14495506395008645,
      "p": 0.003
    },
    "self_acc_lift": {
      "lift": 0.1236714975845411,
      "p": 0.008801225430589532
    },
    "normed_self_acc_lift": {
      "lift": 0.2529644268774704,
      "ci_lo": 0.07509881422924898,
      "ci_hi": 0.4308300395256919
    },
    "single_point_auc": {
      "auc": 0.2925611734443323,
      "ci_lo": 0.10772835349537482,
      "ci_hi": 0.4773939933932898
    },
    "full_auc": {
      "auc": 0.6801038286826736,
      "ci_lo": 0.6197008721748305,
      "ci_hi": 0.7386329113179223
    },
    "calibration_auc": {
      "auc": 0.6831422924901185,
      "ci_lo": 0.631197342130215,
      "ci_hi": 0.7313914035163447
    },
    "calibration_entropy_auc": {
      "auc": 0.6916106719367588,
      "ci_lo": 0.6396197089947091,
      "ci_hi": 0.7392230223644697
    },
    "s_i_capability": {
      "coef": -0.7425723662703306,
      "p": 0.00233688185834757
    }
  },
  "gemini-2.5-flash_nothink": {
    "team_acc_lift": {
      "lift": 0.004444444444444473,
      "ci_lo": -0.04170878670330058,
      "ci_hi": 0.05018386444777767
    },
    "introspection_score": {
      "mcc": 0.08099641479493266,
      "p": 0.069
    },
    "self_acc_lift": {
      "lift": 0.07526952695269529,
      "p": 0.13633896325799033
    },
    "normed_self_acc_lift": {
      "lift": 0.15326374266385917,
      "ci_lo": -0.048340128130460014,
      "ci_hi": 0.33521123605572967
    },