{
  "claude-opus-4-1-20250805": {
    "team_acc_lift": {
      "lift": -0.21141104294478527,
      "ci_lo": -0.25199554232648463,
      "ci_hi": -0.16403877634079467
    },
    "introspection_score": {
      "mcc": 0.17004103241003382,
      "p": 0.002
    },
    "self_acc_lift": {
      "lift": 0.10701563427666733,
      "p": 0.017705956716684706
    },
    "normed_self_acc_lift": {
      "lift": 0.183616298811545,
      "ci_lo": 0.0314091680814941,
      "ci_hi": 0.335823429541596
    },
    "single_point_auc": {
      "auc": 0.344526594276513,
      "ci_lo": 0.12438067662224273,
      "ci_hi": 0.5646725119307833
    },
    "s_i_capability": {
      "coef": -1.0260357956132418,
      "p": 0.00014938865618912013
    }
  },
  "claude-sonnet-4-20250514": {
    "team_acc_lift": {
      "lift": 0.021153846153846134,
      "ci_lo": -0.04554357835872891,
      "ci_hi": 0.08889744276844763
    },
    "introspection_score": {
      "mcc": 0.14270505623143737,
      "p": 0.036
    },
    "self_acc_lift": {
      "lift": 0.08956796628029501,
      "p": 0.10036647472738949
    },
    "normed_self_acc_lift": {
      "lift": 0.12937595129375945,
      "ci_lo": -0.02891933028919335,
      "ci_hi": 0.28767123287671237
    },
    "single_point_auc": {
      "auc": 0.3055373647730779,
      "ci_lo": 0.011089421259666499,
      "ci_hi": 0.5999853082864893
    },
    "s_i_capability": {
      "coef": -0.765494161053186,
      "p": 0.02799711361211482
    }
  },
  "deepseek-chat": {
    "team_acc_lift": {
      "lift": -0.035616438356164404,
      "ci_lo": -0.06737940608267282,
      "ci_hi": 0.0019823634766967524
    },
    "introspection_score": {
      "mcc": 0.1045421237700064,
      "p": 0.027
    },
    "self_acc_lift": {
      "lift": 0.03293827920578729,
      "p": 0.18589770172475178
    },
    "normed_self_acc_lift": {
      "lift": 0.04075414206817749,
      "ci_lo": -0.019488351425125342,
      "ci_hi": 0.10111248651050532
    },
    "single_point_auc": {
      "auc": 0.2725973372297732,
      "ci_lo": 0.034725036999497444,
      "ci_hi": 0.5104696374600489
    },
    "full_auc": {
      "auc": 0.5029239766081872,
      "ci_lo": 0.5,
      "ci_hi": 0.5093764740566038
    },
    "calibration_auc": {
      "auc": 0.5014124293785311,
      "ci_lo": 0.5,
      "ci_hi": 0.5043481420626895
    },
    "calibration_entropy_auc": {
      "auc": 0.5,
      "ci_lo": 0.5,
      "ci_hi": 0.5
    },
    "s_i_capability": {
      "coef": -0.5981269685115616,
      "p": 0.04139280777046854
    }
  },
  "ft:gpt-4.1-2025-04-14:personal:garupanese-41-f2e:Ca6CxgOU": {
    "team_acc_lift": {
      "lift": -0.1644444444444444,
      "ci_lo": -0.21063079565709003,
      "ci_hi": -0.11886000035094324
    },
    "introspection_score": {
      "mcc": -0.0039563568682133825,
      "p": 0.929
    },
    "self_acc_lift": {
      "lift": -0.0019219219219219208,
      "p": 1.0
    },
    "normed_self_acc_lift": {
      "lift": -0.0029926119891517796,
      "ci_lo": -0.10118769288319455,
      "ci_hi": 0.08836388291405499
    },
    "single_point_auc": {
      "auc": -0.008253809551684865,
      "ci_lo": -0.20100296708401683,
      "ci_hi": 0.1844953479806471
    },
    "full_auc": {
      "auc": 0.5467935040303461,
      "ci_lo": 0.49324534843961687,
      "ci_hi": 0.5998156488593747
    },
    "calibration_auc": {
      "auc": 0.7887339078854049,
      "ci_lo": 0.7459187541027223,
      "ci_hi": 0.8328223408893781
    },
    "calibration_entropy_auc": {
      "auc": 0.7887339078854048,
      "ci_lo": 0.7459187541027222,
      "ci_hi": 0.8328223408893781
    },
    "s_i_capability": {
      "coef": -0.145059429880269,
      "p": 0.4893354770618923
    }
  },
  "gpt-4.1-2025-04-14": {
    "team_acc_lift": {
      "lift": -0.03674832962138086,
      "ci_lo": -0.08236473261618937,
      "ci_hi": 0.009491546300740783
    },
    "introspection_score": {
      "mcc": 0.1366400648523725,
      "p": 0.003
    },
    "self_acc_lift": {
      "lift": 0.05284248857964979,
      "p": 0.08027297776117405
    },
    "normed_self_acc_lift": {
      "lift": 0.08443515079097066,
      "ci_lo": -0.00887082110294312,
      "ci_hi": 0.17774112268488454
    },
    "single_point_auc": {
      "auc": 0.2860271267007686,
      "ci_lo": 0.09488189847515716,
      "ci_hi": 0.47717235492638
    },
    "full_auc": {
      "auc": 0.6098435870698644,
      "ci_lo": 0.5558484922837722,
      "ci_hi": 0.6628679531626359
    },
    "calibration_auc": {
      "auc": 0.7025080494831385,
      "ci_lo": 0.6518179842158167,
      "ci_hi": 0.7511073738357037
    },
    "calibration_entropy_auc": {
      "auc": 0.7014455782312924,
      "ci_lo": 0.650670475848944,
      "ci_hi": 0.7515396815628429
    },
    "s_i_capability": {
      "coef": -0.7855375360432296,
      "p": 0.0006696187012202943
    }
  },
  "openai-gpt-5-chat": {
    "team_acc_lift": {
      "lift": -0.06884875846501126,
      "ci_lo": -0.11417885775482439,
      "ci_hi": -0.02233488508585002
    },
    "introspection_score": {
      "mcc": 0.08729283610812472,
      "p": 0.057
    },
    "self_acc_lift": {
      "lift": 0.029398575673970695,
      "p": 0.3045606215399921
    },
    "normed_self_acc_lift": {
      "lift": 0.04601967852851243,
      "ci_lo": -0.043580683156654934,
      "ci_hi": 0.13034943070278754
    },
    "single_point_auc": {
      "auc": 0.18385450840357787,
      "ci_lo": -0.010009302212070553,
      "ci_hi": 0.37771831901922626
    },
    "s_i_capability": {
      "coef": -0.7210013334209514,
      "p": 0.002694847672677334
    }
  }
}