{
  "deepseek-chat": {
    "team_acc_lift": {
      "lift": 0.0011185682326622093,
      "ci_lo": -0.04523372521975627,
      "ci_hi": 0.047470861685080745
    },
    "introspection_score": {
      "mcc": 0.04752831942191132,
      "p": 0.322
    },
    "self_acc_lift": {
      "lift": 0.08338417734390885,
      "p": 0.3809593081609919
    },
    "normed_self_acc_lift": {
      "lift": 0.14674302075876874,
      "ci_lo": -0.119899785254116,
      "ci_hi": 0.4133858267716535
    },
    "single_point_auc": {
      "auc": 0.09526406303795809,
      "ci_lo": -0.09189305100855921,
      "ci_hi": 0.2824211770844754
    },
    "full_auc": {
      "auc": 0.6080368906455863,
      "ci_lo": 0.5049831434963766,
      "ci_hi": 0.7047082856484742
    },
    "calibration_auc": {
      "auc": 0.7141079515319653,
      "ci_lo": 0.6668263672273327,
      "ci_hi": 0.7631179135836839
    },
    "calibration_entropy_auc": {
      "auc": 0.721145608094325,
      "ci_lo": 0.6754851923556295,
      "ci_hi": 0.7692502986857825
    },
    "s_i_capability": {
      "coef": 0.11343876767329474,
      "p": 0.7813704345310418
    }
  },
  "llama-3.1-405b-instruct": {
    "team_acc_lift": {
      "lift": 0.01230425055928408,
      "ci_lo": -0.03403412175231879,
      "ci_hi": 0.05864262287088695
    },
    "introspection_score": {
      "mcc": 0.16907604385621974,
      "p": 0.0
    },
    "self_acc_lift": {
      "lift": 0.10052444346646133,
      "p": 0.007045093180498889
    },
    "normed_self_acc_lift": {
      "lift": 0.1762134361941499,
      "ci_lo": 0.05168756027000968,
      "ci_hi": 0.31031822565091616
    },
    "single_point_auc": {
      "auc": 0.34194696371154265,
      "ci_lo": 0.15467138489965515,
      "ci_hi": 0.5292225425234302
    },
    "full_auc": {
      "auc": 0.6824184467627091,
      "ci_lo": 0.6292004319210202,
      "ci_hi": 0.7331536734079432
    },
    "calibration_auc": {
      "auc": 0.6805555555555556,
      "ci_lo": 0.6290632927722881,
      "ci_hi": 0.7295805604443469
    },
    "calibration_entropy_auc": {
      "auc": 0.6830269607843137,
      "ci_lo": 0.6320620429591661,
      "ci_hi": 0.7321574418713928
    },
    "s_i_capability": {
      "coef": -0.3901917801297882,
      "p": 0.09549202448209487
    }
  },
  "llama-3.3-70b-instruct": {
    "team_acc_lift": {
      "lift": 0.0,
      "ci_lo": -0.04635240944435942,
      "ci_hi": 0.046352409444359366
    },
    "introspection_score": {
      "mcc": 0.06423347332215357,
      "p": 0.164
    },
    "self_acc_lift": {
      "lift": 0.025727069351230425,
      "p": 0.39617411072536657
    },
    "normed_self_acc_lift": {
      "lift": 0.048936170212765966,
      "ci_lo": -0.06295369211514396,
      "ci_hi": 0.16082603254067587
    },
    "single_point_auc": {
      "auc": 0.1288355334111695,
      "ci_lo": -0.0568166199736177,
      "ci_hi": 0.3144876867959567
    },
    "full_auc": {
      "auc": 0.5752100840336134,
      "ci_lo": 0.5223680282687709,
      "ci_hi": 0.630019839746636
    },
    "calibration_auc": {
      "auc": 0.6932055399437976,
      "ci_lo": 0.6465608748624238,
      "ci_hi": 0.7397648634943219
    },
    "calibration_entropy_auc": {
      "auc": 0.6948113207547171,
      "ci_lo": 0.6471948679427902,
      "ci_hi": 0.7413965737888224
    },
    "s_i_capability": {
      "coef": -0.20608616370823618,
      "p": 0.31664117840518113
    }
  },
  "openai-gpt-5-chat": {
    "team_acc_lift": {
      "lift": -0.002237136465324363,
      "ci_lo": -0.04858908194017858,
      "ci_hi": 0.04411480900952991
    },
    "introspection_score": {
      "mcc": 0.06653111581094798,
      "p": 0.14
    },
    "self_acc_lift": {
      "lift": 0.030543383807569324,
      "p": 0.36704537663496495
    },
    "normed_self_acc_lift": {
      "lift": 0.057125073481102455,
      "ci_lo": -0.05880217158269645,
      "ci_hi": 0.17305231854490136
    },
    "single_point_auc": {
      "auc": 0.1335375700545154,
      "ci_lo": -0.0523161398399582,
      "ci_hi": 0.31939127994898897
    },
    "s_i_capability": {
      "coef": -0.37758817584663595,
      "p": 0.06271325239470368
    }
  }
}