{
  "n_questions": 50,
  "model": "llama-3.1-8b-instruct_SimpleMC_50",
  "baseline_accuracy": 0.3,
  "entropy": {
    "mean": 0.6958407948172086,
    "std": 0.3626626321535946,
    "min": 0.045952721157037246,
    "max": 1.2872321325708083
  },
  "self_confidence": {
    "mean": 0.4112651414541788,
    "std": 0.11666954793149868,
    "min": 0.15754882846127183,
    "max": 0.6803185458213831
  },
  "other_confidence": {
    "mean": 0.5482218430971858,
    "std": 0.08140702018954087,
    "min": 0.31261993001811056,
    "max": 0.7451838097799935
  },
  "correlations": {
    "self_vs_entropy": {
      "pearson_r": -0.34559504088259224,
      "pearson_p": 0.013964256706995897,
      "spearman_rho": -0.33675870348139253,
      "spearman_p": 0.016787747413183705
    },
    "other_vs_entropy": {
      "pearson_r": -0.22830234974134309,
      "pearson_p": 0.11079053435398648,
      "spearman_rho": -0.23879951980792313,
      "spearman_p": 0.0948959495309394
    }
  }
}
