pair_id,A_qid,A_Self,A_Other,A_entropy,A_pmax,A_margin,A_correct,A_question_text,B_qid,B_Self,B_Other,B_entropy,B_pmax,B_margin,B_correct,B_question_text
intro_005,sqa_test_e4cc585095438ff3ec74dd9ec1969ff2e650ec09f76164f4d003f364b3f6c41b,0.7547145888578903,0.693544171078762,0.396357184316726,0.8967892622391795,0.8146681002612215,0,,sqa_test_625d3f801a785d26deb2eaf4e7032320ba385055f8f87ad2e3b4536c1e76e631,0.15505099925209848,0.655660607052518,0.8920881671904282,0.645537218430611,0.4293093415537479,0,
intro_010,sqa_test_72cf4bc043e2e4a7ef2f1f6b0208afe7632debb41c1e71c6934011e5aa620ec3,0.7206480286255882,0.6963706005650094,0.2925415074013167,0.9345946839940877,0.8873312071284348,0,,sqa_test_03922247bb6b34c880c5d234b20020f4e5a29263211910d0c17c580c0e417266,0.2212044075655275,0.40153834088810836,0.8621906907148602,0.7233120383599295,0.5874057289169633,0,
intro_007,sqa_test_6bea9cdc64fc2f576e4c337bca834f9074293f18319489a0210aaeb371d642de,0.7530357157609442,0.7176754638350284,0.0008742852990520032,0.9999225045300338,0.9998805196928651,0,,sqa_test_6578959743bd70dc0fcfe01657e4632debec597ad5b51f9d788e2b117c772282,0.20093896237815378,0.41296391713270003,0.9430636119965516,0.6422368169836971,0.4337330497215669,0,
intro_011,sqa_test_3e384ddfeb267e45a04abb7823562a816bc5e757335efca51e532abe274084f7,0.7043853100227411,0.7679315172113826,0.19729636886878849,0.9620907696279187,0.9398153488200096,0,,sqa_test_4b31a94ac6f3017d3465e0397f55aa564b83006042a8a211cd4e3928031a365c,0.22133441097365406,0.4604464636433726,0.9949475224497238,0.6696138172916807,0.5418157724162342,1,
