question_id,SelfProb,OtherProb,gap_abs,gap_signed,direction,pmax,margin,correct,entropy,correct_answer,question_text
sqa_test_4ddf0fe420fc193906c988e4316db030f9a045d11f72db14c5166b5d127f15b2,0.20935742658252682,0.5463105803401085,0.33695315375758167,-0.33695315375758167,Other>Self,0.665082509228486,0.35091979578143945,0.0,0.7292571851967794,D,
sqa_test_a18f310440a20c2d791491fd0f42c5372de3f0039e22f04f2cf23385b70ad0dd,0.4408675029199222,0.7691353549990073,0.3282678520790851,-0.3282678520790851,Other>Self,0.7989702972357211,0.6685419952327172,0.0,0.6745019360268587,D,
sqa_test_e8cbdd0c0c3d9a1847f07773fef93c3e09eb069859a489456549b85e74764ebe,0.6672117821442465,0.32697336045169645,0.34023842169255003,0.34023842169255003,Self>Other,0.9686533947230137,0.9524995669897628,1.0,0.17135194875047394,D,
sqa_test_348f0a3da53b0a075cc1843093bb073815fd8230d2e69e5c2fbc4379b7cc0800,0.21523212003130687,0.6389369531096323,0.4237048330783254,-0.4237048330783254,Other>Self,0.5544762116190355,0.20749386468171166,0.0,0.9566997521601095,C,
sqa_test_14867044fb3a7f62358e07faf0f1b77d44634f06116fe540de7df05a8f052881,0.11068240782207336,0.5656998505816708,0.45501744275959743,-0.45501744275959743,Other>Self,0.5831034242590476,0.1946727806572881,0.0,0.7992749845205467,C,
sqa_test_aa95e2751aa6b686f7254b0548f497b9a2f231eb68a4e2aa29e8dc3d1c936765,0.2235920920360103,0.6362840074559722,0.412691915419962,-0.412691915419962,Other>Self,0.6648157183658852,0.3698055316414029,1.0,0.7670101663288288,A,
