pair_id,overconf_qid,overconf_self,overconf_pmax,overconf_entropy,overconf_question,underconf_qid,underconf_self,underconf_pmax,underconf_entropy,underconf_question
calib_000,sqa_test_ed1ac09bb4bd884bd9acf380448718c15b9c53d63ef46c446437506cb773abc2,0.8154631478785351,0.45741761179320384,1.005985459456112,,sqa_test_92c799c5c3316a1bc4c80dba99293dde0459721c7f4a6f427f5c516395cd3f1a,0.10489924997156803,0.4889770141463525,1.1658149819742267,
