pair_id,A_qid,A_Self,A_Other,A_entropy,A_pmax,A_margin,A_correct,A_question_text,B_qid,B_Self,B_Other,B_entropy,B_pmax,B_margin,B_correct,B_question_text
opp_000,sqa_test_e8cbdd0c0c3d9a1847f07773fef93c3e09eb069859a489456549b85e74764ebe,0.6672117821442465,0.32697336045169645,0.17135194875047394,0.9686533947230137,0.9524995669897628,1,,sqa_test_625d3f801a785d26deb2eaf4e7032320ba385055f8f87ad2e3b4536c1e76e631,0.15505099925209848,0.655660607052518,0.8920881671904282,0.645537218430611,0.4293093415537479,0,
