pair_id,overconf_qid,overconf_self,overconf_pmax,overconf_entropy,overconf_question,underconf_qid,underconf_self,underconf_pmax,underconf_entropy,underconf_question
calib_000,sqa_test_8e12cf0b4ea504403976485e99f13f469492029ac64dec21a92f2b014ba5e183,0.9491778876341986,0.9999331235911697,0.0005578213586276605,,sqa_test_02f4ed9255acfd91b0600e4f5cdb78a88146b3c5a3b38c4f2efeae04d7f621f0,0.025141433961651145,0.8361819355327577,0.5819016345618294,
calib_001,sqa_test_6bea9cdc64fc2f576e4c337bca834f9074293f18319489a0210aaeb371d642de,0.8153704328365489,0.9998105168313993,0.001618249131335378,,sqa_test_1984659f182697f6dd5382ae3be5592b54e45c49729e4236d81da3f7a4a0ec3c,0.025259977739333403,0.7028969435430814,0.9015331670348106,
