question_id,SelfProb,OtherProb,gap_abs,gap_signed,direction,pmax,margin,correct,entropy,correct_answer,question_text
sqa_test_df33c2d3a04e34dd1801adbfad5c8a5c58d1b3cff29d342b59d03d1f18cfea17,0.7244512080979085,0.06044992698939247,0.6640012811085161,0.6640012811085161,Self>Other,0.8897443103112774,0.8167096411173439,0.0,0.44306069537242154,B,
sqa_test_3e384ddfeb267e45a04abb7823562a816bc5e757335efca51e532abe274084f7,0.34003445361374995,0.028771492981826255,0.3112629606319237,0.3112629606319237,Self>Other,0.6208768572331298,0.24429599619222897,1.0,0.680238761202999,B,
sqa_test_1d6c1c8c4342066408110a7349266ffcd9403faecddb14ef5d577ffc2c82eba3,0.42386494364589333,0.0644664995910526,0.3593984440548407,0.3593984440548407,Self>Other,0.8023405888966297,0.6629146966184947,1.0,0.6382427873441843,A,
sqa_test_98346bc0d022ba0823bd709ec3c59a6486b23f0bb9ee4da1c587a5acb35df035,0.4712478511154254,0.10003780442643662,0.37121004668898877,0.37121004668898877,Self>Other,0.9954286273828645,0.9913605379005398,0.0,0.030987181419277195,C,
sqa_test_9d7286985a26c4ee2c1e1a3356b2deae6f41fe2d4246ac34be309c3e4ccac196,0.9446878717814068,0.17040163102782924,0.7742862407535775,0.7742862407535775,Self>Other,0.9999736813071176,0.9999493811154144,1.0,0.00031224402560868866,B,
sqa_test_6bea9cdc64fc2f576e4c337bca834f9074293f18319489a0210aaeb371d642de,0.8153704328365489,0.1329900484569413,0.6823803843796076,0.6823803843796076,Self>Other,0.9998488383448814,0.99975274124813,0.0,0.001618249131335378,B,
