question_id,SelfProb,OtherProb,gap_abs,gap_signed,direction,pmax,margin,correct,entropy,correct_answer,question_text
sqa_test_529a6a895c79719ebf273ec0122f76bb7c6ef0bda98286cb3d37d41b66ce1a7d,0.4918450539452115,0.07602965200827504,0.41581540193693645,0.41581540193693645,Self>Other,0.6455322042084015,0.43595858759865047,1.0,0.8951812344977722,D,
sqa_test_d370c9537bcdee79fa11c26172e4a520a2fda9bfd0f4169c6328f547b71fcd8c,0.5865268049360447,0.07438049675434424,0.5121463081817005,0.5121463081817005,Self>Other,0.9999997531512482,0.9999995429078647,0.0,4.125549047593067e-06,B,
sqa_test_1708f1d366967826783a38c86b6be67d85f997ee999f5927d75ae0218fc891a4,0.5644544306472161,0.07487892572062056,0.4895755049265956,0.4895755049265956,Self>Other,0.9991107102830057,0.9984011675593477,1.0,0.007679161840194826,A,
sqa_test_e8cbdd0c0c3d9a1847f07773fef93c3e09eb069859a489456549b85e74764ebe,0.45647785407402025,0.07488133867585235,0.3815965153981679,0.3815965153981679,Self>Other,0.7548958019457955,0.5098170172456329,0.0,0.5571683345699786,D,
sqa_test_98346bc0d022ba0823bd709ec3c59a6486b23f0bb9ee4da1c587a5acb35df035,0.588440820125811,0.2020667198399931,0.38637410028581787,0.38637410028581787,Self>Other,0.9995147627036985,0.9992843148219774,0.0,0.004651768651228543,C,
sqa_test_9d7286985a26c4ee2c1e1a3356b2deae6f41fe2d4246ac34be309c3e4ccac196,0.8849989655224795,0.19276395489658354,0.6922350106258959,0.6922350106258959,Self>Other,0.9999999437603797,0.9999999023610049,1.0,1.0373749299500171e-06,B,
sqa_test_aae712bc3c0a166dfc096d24b881d0256250eb2b9a85d8be70b0120ddc7ce9bf,0.6866941307040225,0.11015294881254549,0.5765411818914771,0.5765411818914771,Self>Other,0.7771109732671148,0.5544649517333955,0.0,0.5325494007715189,C,
sqa_test_579d281ec7379066ba2b7e38eade396a13256df79af8505a3769242544b135b5,0.47399232510380374,0.10231888142440936,0.37167344367939437,0.37167344367939437,Self>Other,0.9961091307838993,0.9941861875728605,1.0,0.029500954245418716,D,
sqa_test_38a94d463d89ed7226b6394e4a9f6fef24de8948277f64cb686b8872304c6739,0.844389990138806,0.329341900675136,0.51504808946367,0.51504808946367,Self>Other,0.9658008204025005,0.9430873615684497,1.0,0.17883744747619595,A,
