pair_id,A_qid,A_Self,A_Other,A_entropy,A_pmax,A_margin,A_correct,A_question_text,B_qid,B_Self,B_Other,B_entropy,B_pmax,B_margin,B_correct,B_question_text
opp_000,sqa_test_b7c32978e530c10fac3ff5638b8fbe446e94dc87e21c86b98dad0cd64ba44f05,0.1397371686722045,0.025296264633249094,0.006873445954781271,0.9992297944225664,0.9987420750860362,0,,sqa_test_bdc7ca31722319c729f55325e60795a7e2521a2aaee937b0c15a3082e258dddd,0.05723544530635078,0.07504278488731615,0.5775629710272785,0.8228538671309338,0.679863301494692,0,
