pair_id,overconf_qid,overconf_self,overconf_pmax,overconf_margin,overconf_entropy,overconf_question,underconf_qid,underconf_self,underconf_pmax,underconf_margin,underconf_entropy,underconf_question
calib_000,sqa_test_8e12cf0b4ea504403976485e99f13f469492029ac64dec21a92f2b014ba5e183,0.9410329483388522,0.9982721673516447,0.9965714908440133,0.012865830303568446,,sqa_test_1984659f182697f6dd5382ae3be5592b54e45c49729e4236d81da3f7a4a0ec3c,0.02500735030942103,0.3739715375799952,0.13134673312159606,0.7323446704023483,
